{"playerData":{"playerStarts":[90.0,1718.0,81.0],"playerPositionAndRotaion":[635.4590454101563,1.8799996376037598,480.0736389160156,-0.08245949447154999,0.5630127787590027,-0.05659090355038643],"inventoryContent":["TreatedWood","Log","Log","Log","Log"],"quickSlotContent":["StoneAxe"]},"environmentData":{"pickupItem":["Stick","Stone","Stick (1)","Stone(Clone)","Stone(Clone)","Stick (2)","Birch Log","Birch Log","Birch Log","Birch Log","Birch Log","Birch Log"],"treeData":[{"name":"BirchTree2Parent","position":{"x":653.7871704101563,"y":0.17999982833862306,"z":467.6422424316406},"rotation":{"x":0.0,"y":0.0,"z":0.0}},{"name":"BirchTree2Parent","position":{"x":233.58718872070313,"y":0.17999982833862306,"z":559.042236328125},"rotation":{"x":0.0,"y":0.0,"z":0.0}},{"name":"Stump","position":{"x":485.0871887207031,"y":0.17999982833862306,"z":535.2422485351563},"rotation":{"x":0.0,"y":0.0,"z":0.0}},{"name":"Stump","position":{"x":478.30718994140627,"y":4.113205909729004,"z":562.7422485351563},"rotation":{"x":0.0,"y":0.0,"z":0.0}}],"animals":["Armature","Rabbit","Rabbit_Eyes","Blood Splash","blood_puddle","Armature","Rabbit","Rabbit_Eyes","Blood Splash","blood_puddle"],"storage":[{"items":["TreatedWood"],"position":{"x":486.05419921875,"y":0.35753583908081057,"z":537.7846069335938},"rotation":{"x":1.2351271116983754e-9,"y":-4.597129930061783e-7,"z":1.1976484248776842e-9}}]}}
