{"playerData":{"playerStarts":[100.0,1981.0,96.0],"playerPositionAndRotaion":[497.36346435546877,1.8799993991851807,509.76397705078127,-0.2513349950313568,-0.7033944129943848,0.2972560226917267],"inventoryContent":["Stone","Stone","StoneAxe"],"quickSlotContent":[]},"environmentData":{"pickupItem":["Stone(Clone)","Stone(Clone)","Stone(Clone)","Stick (1)","Stick","Stick (2)","Stone(Clone)","Stone"]}}
