{"playerData":{"playerStarts":[100.0,1984.0,78.0],"playerPositionAndRotaion":[498.87158203125,1.9291787147521973,515.3007202148438,0.20554137229919434,0.7688674330711365,-0.3007257282733917],"inventoryContent":["Stone"],"quickSlotContent":["StoneAxe"]},"environmentData":{"pickupItem":["Stick (1)","Stone","Stick","Stick (2)","Stone(Clone)","Stone(Clone)","Stone(Clone)"]}}
