{"playerData":{"playerStarts":[100.0,1986.0,78.0],"playerPositionAndRotaion":[498.87158203125,1.9291787147521973,515.3007202148438,0.23274867236614228,-0.12920431792736054,0.031214244663715364],"inventoryContent":["StoneAxe"],"quickSlotContent":[]},"environmentData":{"pickupItem":["Stick (1)","Stone","Stick","Stick (2)","Stone(Clone)","Stone(Clone)"]}}
