{"playerData":{"playerStarts":[100.0,1989.0,80.0],"playerPositionAndRotaion":[498.3249816894531,1.8853198289871216,508.4043884277344,0.5160704851150513,0.25245401263237,-0.16240359842777253],"inventoryContent":["Stick","Stone","Stick","Stick","Stone"],"quickSlotContent":[]},"environmentData":{"pickupItem":["Stick (1)","Stone","Stick","Stick (2)","Stone(Clone)"]}}
